Faculty,College,scholar_name
Dr. Anil Kumar Tripathi,Indian Institute of Technology (BHU) Varanasi,Anil Kumar Tripathi
Dr. Rajeev Srivastava,Indian Institute of Technology (BHU) Varanasi,DR. RAJEEV KUMAR SRIVASTAVA
Dr. Sanjay Kumar Singh,Indian Institute of Technology (BHU) Varanasi,Sanjay Kumar Singh
Dr. Anil Kumar Singh,Indian Institute of Technology (BHU) Varanasi,Anil kumar singh
Dr. Bhaskar Biswas,Indian Institute of Technology (BHU) Varanasi,Bhaskar Biswas
Dr. Bidyut Kumar Patra,Indian Institute of Technology (BHU) Varanasi,Bidyut  Kr. Patra
Dr. Hari Prabhat Gupta,Indian Institute of Technology (BHU) Varanasi,Dr. Hari Prabhat Gupta
Dr. Ravi Shankar Singh,Indian Institute of Technology (BHU) Varanasi,Deependra Singh
Dr. Ravindranath Chowdary C,Indian Institute of Technology (BHU) Varanasi,Ravindranath Chowdary C
Dr. Ruchir Gupta,Indian Institute of Technology (BHU) Varanasi,Dr. Ruchir Gupta
Dr. Sukomal Pal,Indian Institute of Technology (BHU) Varanasi,Sukomal Pal
Dr. Tanima Dutta,Indian Institute of Technology (BHU) Varanasi,Dr. Tanima Dutta
Dr. Ajay Pratap,Indian Institute of Technology (BHU) Varanasi,Error
Dr. Amrita Chaturvedi,Indian Institute of Technology (BHU) Varanasi,Dr. Amrita Chaturvedi
Dr. Mayank Swarnkar,Indian Institute of Technology (BHU) Varanasi,Mayank Swarnkar
Dr. Obbattu Sai Lakshmi Bhavana,Indian Institute of Technology (BHU) Varanasi,Sai Lakshmi Bhavana Obbattu
Dr. Prasenjit Chanak,Indian Institute of Technology (BHU) Varanasi,Prasenjit Chanak
Dr. Pratik Chattopadhyay,Indian Institute of Technology (BHU) Varanasi,Pratik Chattopadhyay
Dr. Vignesh Sivaraman,Indian Institute of Technology (BHU) Varanasi,Vignesh Sivaraman
Dr. Vinayak Shrivastava,Indian Institute of Technology (BHU) Varanasi,Vinayak Narain Srivastava
Dr. Sanjay Kumar Singh,Indian Institute of Technology (BHU) Varanasi,Sanjay Kumar Singh
Shweta Agrawal,Indian Institute of Technology Madras,Shweta Agrawal
Akanksha Agrawal,Indian Institute of Technology Madras,Akanksha Agrawal
John Augustine,Indian Institute of Technology Madras,Rosslin John Robles
Sutanu Chakraborti,Indian Institute of Technology Madras,Sutanu Chakraborti
Ayon Chakraborty,Indian Institute of Technology Madras,AYON CHAKRABORTY
Sarath Chandar,Indian Institute of Technology Madras,Sarath Chandra Janga
Raj Dabre,Indian Institute of Technology Madras,Raj Dabre
Sukhendu Das,Indian Institute of Technology Madras,Sukhendu Das
Harish Guruprasad,Indian Institute of Technology Madras,Harish Guruprasad Ramaswamy
D. Janakiram,Indian Institute of Technology Madras,Dr. N. Janakiraman
K.C. Sivaramkrishnan,Indian Institute of Technology Madras,KC Sivaramakrishnan
V. Kamakoti,Indian Institute of Technology Madras,Vikramshankar Kamakoti
Mitesh Khapra,Indian Institute of Technology Madras,Mitesh Khapra
Nishad Kothari,Indian Institute of Technology Madras,Nishad Kothari
P. Sreenivasa Kumar,Indian Institute of Technology Madras,P.Jitendra Srinivas Kumar
Pratyush Kumar,Indian Institute of Technology Madras,Pratyush Kumar
Anoop Kunchukuttan,Indian Institute of Technology Madras,Anoop Kunchukuttan
Shay Kutten,Indian Institute of Technology Madras,Shay Kutten
Chandrashekar Lakshminarayanan,Indian Institute of Technology Madras,Chandrashekar Lakshmi Narayanan
Anurag Mittal,Indian Institute of Technology Madras,Anurag Mittal
C. Siva Ram Murthy,Indian Institute of Technology Madras,C. Siva Ram Murthy
Hema A. Murthy,Indian Institute of Technology Madras,Hema A Murthy
Madhu Mutyam,Indian Institute of Technology Madras,Madhu Mutyam
Kartik Nagar,Indian Institute of Technology Madras,Kartik Nagar
V. Krishna Nandivada,Indian Institute of Technology Madras,V Krishna Nandivada
Manikandan Narayanan,Indian Institute of Technology Madras,Manikandan (Mani) Narayanan
N.S. Narayanaswamy,Indian Institute of Technology Madras,Narayanaswamy NS
Rupesh Nasre,Indian Institute of Technology Madras,Rupesh Nasre.
Meghana Nasre,Indian Institute of Technology Madras,Meghana Nasre.
Sriraam Natarajan,Indian Institute of Technology Madras,Sriraam Natarajan
Deepak Padmanabhan,Indian Institute of Technology Madras,Deepak Padmanabhan
L A Prashanth,Indian Institute of Technology Madras,Prashant Jha
Arun Rajkumar,Indian Institute of Technology Madras,Arun rajkumar
B. V. Raghavendra Rao,Indian Institute of Technology Madras,Raghavendra Rao BV
Balaraman Ravindran,Indian Institute of Technology Madras,Balaraman Ravindran
Chester Rebeiro,Indian Institute of Technology Madras,Chester Rebeiro
Jayalal Sarma,Indian Institute of Technology Madras,Jayalal Sarma
C. Chandra Sekhar,Indian Institute of Technology Madras,Chandrashekhar Sreeramareddy
Krishna Moorthy Sivalingam,Indian Institute of Technology Madras,Krishna Moorthy Sivalingam
Gopalakrishnan Srinivasan,Indian Institute of Technology Madras,Gopalakrishnan Srinivasan
Aishwarya Thiruvengadam,Indian Institute of Technology Madras,Error
Yadu Vasudev,Indian Institute of Technology Madras,Yadu Vasudev
Partha Mitra,Indian Institute of Technology Madras,Partha P Mitra
Mriganka Sur,Indian Institute of Technology Madras,Mriganka Sur
Prem Kalra,Indian Institute of Technology Delhi,Prem Kumar Kalra
Aaditeshwar Seth,Indian Institute of Technology Delhi,Aaditeshwar Seth
Abhijnan Chakraborty,Indian Institute of Technology Delhi,Abhijnan Chakraborty
Abhilash Jindal,Indian Institute of Technology Delhi,abhilash jindal
Amit Kumar,Indian Institute of Technology Delhi,AMIT KUMAR
Amitabha Bagchi,Indian Institute of Technology Delhi,Amitabha Bagchi
S. Arun-Kumar,Indian Institute of Technology Delhi,Arun  kumar ms
Ashish Chiplunkar,Indian Institute of Technology Delhi,Error
Chetan Arora,Indian Institute of Technology Delhi,Chetan Arora
Huzur Saran,Indian Institute of Technology Delhi,Huzur Saran
Kaustubh Beedkar,Indian Institute of Technology Delhi,Kaustubh Beedkar
Keerti Choudhary,Indian Institute of Technology Delhi,Keerti Choudhary
Kolin Paul,Indian Institute of Technology Delhi,Colin D. Paul
Kumar Madhukar,Indian Institute of Technology Delhi,Kumar Madhukar
Mausam,Indian Institute of Technology Delhi,Mausam Verma
Maya Ramanath,Indian Institute of Technology Delhi,Maya Ramanath
Naveen Garg,Indian Institute of Technology Delhi,Naveen Garg
Nikhil Balaji,Indian Institute of Technology Delhi,Nikhil Balaji
Parag Singla,Indian Institute of Technology Delhi,Parag Singla
Preeti R. Panda,Indian Institute of Technology Delhi,Preeti Ranjan Panda
Priyanka Golia,Indian Institute of Technology Delhi,Priyanka Golia
Ragesh Jaiswal,Indian Institute of Technology Delhi,Dr. Rakesh Jaiswal
Rahul Garg,Indian Institute of Technology Delhi,Rahul Garg
Rahul Narain,Indian Institute of Technology Delhi,Rahul Ranjan
Rajendra Kumar,Indian Institute of Technology Delhi,Prof. Vivek Kumar Singh
Rijurekha Sen,Indian Institute of Technology Delhi,Rijurekha Sen
Rohan Paul,Indian Institute of Technology Delhi,Rohan Paul
Rohit Vaish,Indian Institute of Technology Delhi,Dr. Rohit Bansal
Sanjiva Prasad,Indian Institute of Technology Delhi,Sanjeev Kumar Prasad
Sayan Ranu,Indian Institute of Technology Delhi,Sayan Ranu
Smruti Ranjan Sarangi,Indian Institute of Technology Delhi,Error
Sorav Bansal,Indian Institute of Technology Delhi,Sorav Bansal
Srikanta Bedathur,Indian Institute of Technology Delhi,Srikanta Bedathur
Subodh Kumar,Indian Institute of Technology Delhi,Subodh Kumar
Subodh Vishnu Sharma,Indian Institute of Technology Delhi,Error
Tarun Mangla,Indian Institute of Technology Delhi,Tarun Mangla
Vaishnavi Sundararajan,Indian Institute of Technology Delhi,Vaishnavi Sundararajan
Venkata Vivek Kumar Koppula,Indian Institute of Technology Delhi,Error
Vireshwar Kumar,Indian Institute of Technology Delhi,Error
Gautam Shroff,Indian Institute of Technology Delhi,Gautam Shroff
Rajeev Shorey,Indian Institute of Technology Delhi,Rajeev Shorey
Yogish Sabharwal,Indian Institute of Technology Delhi,Yogish Sabharwal
Anish Arora,Indian Institute of Technology Delhi,Anish Arora
Karthikeyan Bhargavan,Indian Institute of Technology Delhi,Karthikeyan Bhargavan
Anshul Kumar,Indian Institute of Technology Delhi,Dr. Anshul Kumar Sharma
M. Balakrishnan,Indian Institute of Technology Delhi,M Balakrishnan
B.N. Jain,Indian Institute of Technology Delhi,Error
Prof. Chandrajit L. Bajaj,Indian Institute of Technology Delhi,Error
Deepak Kapur,Indian Institute of Technology Delhi,Deepak Kapur
S.N. Maheshwari,Indian Institute of Technology Delhi,Error
Bharat G Adsul,Indian Institute of Technology Bombay,Error
Varsha Apte,Indian Institute of Technology Bombay,Varsha Apte
Kavi Arya,Indian Institute of Technology Bombay,Kavi Arya
Suyash P Awate,Indian Institute of Technology Bombay,Suyash P. Awate
Umesh Bellur,Indian Institute of Technology Bombay,umesh bellur
Pushpak P Bhattacharyya,Indian Institute of Technology Bombay,Dr. Pushpak Bhattacharyya
Sujoy Bhore,Indian Institute of Technology Bombay,Sujoy Bhore
Soumen Chakrabarti,Indian Institute of Technology Bombay,Soumen Chakrabarti
Supratik Chakraborty,Indian Institute of Technology Bombay,Supratik Chakraborty
Sharat Chandran,Indian Institute of Technology Bombay,Sharat Chandra
Parag Kumar Chaudhuri,Indian Institute of Technology Bombay,Error
Kameswari Chebrolu,Indian Institute of Technology Bombay,Kameswari Chebrolu
Om Damani,Indian Institute of Technology Bombay,Om P. Damani
Abir De,Indian Institute of Technology Bombay,Abir De Sarkar
Ajit A Diwan,Indian Institute of Technology Bombay,Ajit Diwan
Ashwin Gumaste,Indian Institute of Technology Bombay,Error
Ashutosh Gupta,Indian Institute of Technology Bombay,Ashutosh Gupta
Rohit Gurjar,Indian Institute of Technology Bombay,Rohit Gurjar
Rushikesh K Joshi,Indian Institute of Technology Bombay,Rushikesh K. Joshi
Preethi Jyothi,Indian Institute of Technology Bombay,Preethi Jyothi
Shivaram Kalyanakrishnan,Indian Institute of Technology Bombay,Shivaram Kalyanakrishnan
Chethan Kamath,Indian Institute of Technology Bombay,Chethan Kamath
Uday Khedker,Indian Institute of Technology Bombay,Uday P. Khedker
Purushottam Kulkarni,Indian Institute of Technology Bombay,Purushottam Kulkarni
Akash Kumar,Indian Institute of Technology Bombay,Akash Kumar
Nutan Limaye,Indian Institute of Technology Bombay,Nutan Limaye
Krishna Shankar Narayanan,Indian Institute of Technology Bombay,Krishnan Sankaranarayanan
Swaprava Nath,Indian Institute of Technology Bombay,Swaprava Nath
Biswabandan Panda,Indian Institute of Technology Bombay,Biswabandan Panda
Manoj Prabhakaran,Indian Institute of Technology Bombay,Manoj Prabhakaran
Ajit Rajwade,Indian Institute of Technology Bombay,Ajit Rajwade
Bhaskaran Raman,Indian Institute of Technology Bombay,Bhaskaran Raman
Ganesh Ramkrishnan,Indian Institute of Technology Bombay,Ganesh Ramakrishnan
Abhiram Ranade,Indian Institute of Technology Bombay,abhiram ranade
Vinay Joseph Ribeiro,Indian Institute of Technology Bombay,Error
Akshay S,Indian Institute of Technology Bombay,GS Akshay Kumar
Sunita Sarawagi,Indian Institute of Technology Bombay,Sunita Sarawagi
Sruthi Sekar,Indian Institute of Technology Bombay,Sruthi Sekar
Suraj Shetiya,Indian Institute of Technology Bombay,Suraj Shetiya
G Sivakumar,Indian Institute of Technology Bombay,Sivakumar G
Milind A Sohoni,Indian Institute of Technology Bombay,Error
S Sudarshan,Indian Institute of Technology Bombay,Sudarshan Karki
Manas Thakur,Indian Institute of Technology Bombay,Manas Thakur
Saisundararaman Vishwanathan,Indian Institute of Technology Bombay,Error
Mythili Vutukuru,Indian Institute of Technology Bombay,Mythili Vutukuru
Virendra Singh,Indian Institute of Technology Bombay,Virendra Narayan Singh
Vijay Ganesh,Indian Institute of Technology Bombay,Vijay Ganesh
Paul Gastin,Indian Institute of Technology Bombay,Paul Gastin
Harshad Khadilkar,Indian Institute of Technology Bombay,Harshad Khadilkar
Kuldeep Singh Meel,Indian Institute of Technology Bombay,Error
Sanjit A. Seshia,Indian Institute of Technology Bombay,Sanjit A. Seshia
R. K. Shyamasundar,Indian Institute of Technology Bombay,RK Shyamasundar
Paritosh Pandya,Indian Institute of Technology Bombay,Paritosh Pandya
Ashish Anand,Indian Institute of Technology Guwahati,Ashish Anand
Amit Awekar,Indian Institute of Technology Guwahati,Amit Awekar
Rashmi Dutta Baruah,Indian Institute of Technology Guwahati,Rashmi Dutta Baruah
Purandar Bhaduri,Indian Institute of Technology Guwahati,Purandar Bhaduri
Sukanta Bhattacharjee,Indian Institute of Technology Guwahati,Sukanta S. Bhattacharya
Samit Bhattacharya,Indian Institute of Technology Guwahati,Samit Bhattacharyya
Pradip Kr. Das,Indian Institute of Technology Guwahati,"Pradeep Kumar Das Mohapatra, M.Sc, Ph.D., FSAB"
Jatindra Kumar Deka,Indian Institute of Technology Guwahati,Jatindra Kumar Deka
Diganta Goswami,Indian Institute of Technology Guwahati,Diganta Goswami
R. Inkulu,Indian Institute of Technology Guwahati,R. Inkulu
John Jose,Indian Institute of Technology Guwahati,Juan Jose Hernandez Rey
Benny George K,Indian Institute of Technology Guwahati,Error
Hemangee K. Kapoor,Indian Institute of Technology Guwahati,Hemangee K Kapoor
Chandan Karfa,Indian Institute of Technology Guwahati,Chandan Karfa
Sushanta Karmakar,Indian Institute of Technology Guwahati,Sushanta Karmakar
Deepanjan Kesh,Indian Institute of Technology Guwahati,Error
Manas Khatua,Indian Institute of Technology Guwahati,Dr. Manas Khatua
Pinaki Mitra,Indian Institute of Technology Guwahati,Pinaki Mitra
Shivashankar B. Nair,Indian Institute of Technology Guwahati,Shivashankar B Nair
Sukumar Nandi,Indian Institute of Technology Guwahati,Sukumar Nandi
Moumita Patra,Indian Institute of Technology Guwahati,Moumita Patra
S. V. Rao,Indian Institute of Technology Guwahati,Professor Ravipudi Venkata Rao
Aryabartta Sahu,Indian Institute of Technology Guwahati,Aryabartta Sahu
G. Sajith,Indian Institute of Technology Guwahati,Rohith Sajith
V. Vijaya Saradhi,Indian Institute of Technology Guwahati,Obulam Vijaya Sarathi Reddy
Sanasam Ranbir Singh,Indian Institute of Technology Guwahati,Sanasam Ranbir Singh
Arijit Sur,Indian Institute of Technology Guwahati,Arijit Sur
Tamarapalli Venkatesh,Indian Institute of Technology Guwahati,Venkatesh Tamarapalli
Adithya Vadapalli,Indian Institute of Technology Kanpur,Adithya Vadapalli
Amey Karkare,Indian Institute of Technology Kanpur,Amey Karkare
Amitangshu Pal,Indian Institute of Technology Kanpur,Amitangshu Pal
Angshuman Karmakar,Indian Institute of Technology Kanpur,Angshuman Karmakar
Anil Seth,Indian Institute of Technology Kanpur,Anil Seth
Arnab Bhattacharya,Indian Institute of Technology Kanpur,Arnab Bhattacharya
Ashutosh Modi,Indian Institute of Technology Kanpur,Ashutosh Modi
Debadatta Mishra,Indian Institute of Technology Kanpur,DEBADUTTA MISHRA
Debapriya Basu Roy,Indian Institute of Technology Kanpur,Debapriya Basu Roy
Hamim Zafar,Indian Institute of Technology Kanpur,Hamim Zafar
Indranil Saha,Indian Institute of Technology Kanpur,Indranil Das
Mainak Chaudhuri,Indian Institute of Technology Kanpur,Mainak Choudhury
Manindra Agrawal,Indian Institute of Technology Kanpur,Manindra Agrawal
Nisheeth Srivastava,Indian Institute of Technology Kanpur,Nisheeth Srivastava
Nitin Saxena,Indian Institute of Technology Kanpur,Nitin Saxena
Piyush Rai,Indian Institute of Technology Kanpur,Piyush Rai
Preeti Malakar,Indian Institute of Technology Kanpur,Preeti Malakar
Priyanka Bagade,Indian Institute of Technology Kanpur,Priyanka Bagade
Purushottam Kar,Indian Institute of Technology Kanpur,Error
Raghunath Tewari,Indian Institute of Technology Kanpur,Raghunath Tewari
Rajat Mittal,Indian Institute of Technology Kanpur,Rajat Mittal
Rajat Moona,Indian Institute of Technology Kanpur,Error
Sandeep Kumar Shukla,Indian Institute of Technology Kanpur,SANDEEP KUMAR SHUKLA
Sanjeev Saxena,Indian Institute of Technology Kanpur,Sanjiv Saxena
Satyadev Nandakumar,Indian Institute of Technology Kanpur,satyadev nandakumar
Soumya Dutta,Indian Institute of Technology Kanpur,Soumya Kanti Datta
Sruti Srinivasa Ragavan,Indian Institute of Technology Kanpur,Sruti Srinivasa Ragavan
Subhajit Roy,Indian Institute of Technology Kanpur,Subhajit Roy
Sumit Ganguly,Indian Institute of Technology Kanpur,Sumit Ganguly
Sunil Simon,Indian Institute of Technology Kanpur,Sunil Simon
Surender Baswana,Indian Institute of Technology Kanpur,Surender Baswana
Sutanu Gayen,Indian Institute of Technology Kanpur,Sutanu Gayen
Swarnendu Biswas,Indian Institute of Technology Kanpur,Swarnendu Biswas
Urbi Chatterjee,Indian Institute of Technology Kanpur,Urbi Chatterjee
Arvind Verma,Indian Institute of Technology Kanpur,Arvind Varma (1947-2019)
Gaurav Sharma,Indian Institute of Technology Kanpur,Gaurav Sharma
Nisheeth K Vishnoi,Indian Institute of Technology Kanpur,Error
Prateek Jain,Indian Institute of Technology Kanpur,Prateek Jain
Rajesh K Gupta,Indian Institute of Technology Kanpur,Rajesh K. Gupta
Shashank Srivastava,Indian Institute of Technology Kanpur,Shashank Srivastava
Snigdha Chaturvedi,Indian Institute of Technology Kanpur,Snigdha Chaturvedi
Adarshpal Pal Sethi,Indian Institute of Technology Kanpur,Error
Ajai Jain,Indian Institute of Technology Kanpur,Ajay N. Jain
Amitabha Mukerjee,Indian Institute of Technology Kanpur,amitabha mukerjee
Ansuman Banerjee,Indian Institute of Technology Kanpur,Ansuman Banerjee
Asish Mukhopadhyay,Indian Institute of Technology Kanpur,Asish Kumar Mukhopadhyay
B. Srinivasan,Indian Institute of Technology Kanpur,Balaji S. Srinivasan
Bhaskar Raman,Indian Institute of Technology Kanpur,Bhaskaran Raman
Biswabandan Panda,Indian Institute of Technology Kanpur,Biswabandan Panda
C R Muthukrishnan,Indian Institute of Technology Kanpur,Muthukrishnan CR
Dheeraj Sanghi,Indian Institute of Technology Kanpur,Error
Gautam Barua,Indian Institute of Technology Kanpur,Gautam Barua
H N Mahabala,Indian Institute of Technology Kanpur,Error
H. V. Sahasrabuddhe,Indian Institute of Technology Kanpur,Error
Harish Karnick,Indian Institute of Technology Kanpur,Error
Jithin K Sreedharan,Indian Institute of Technology Kanpur,Dr. Jithin K Sreedharan
Kesav Nori,Indian Institute of Technology Kanpur,Error
Kritika Venkatramani,Indian Institute of Technology Kanpur,Error
M.s. Krishnamurthy,Indian Institute of Technology Kanpur,"TP Krishna Murthy (TPK), PhD"
Medha Atre,Indian Institute of Technology Kanpur,Medha Atre
N. Ramasubramanian,Indian Institute of Technology Kanpur,Error
Nisheeth Kumar Vishnoi,Indian Institute of Technology Kanpur,Error
Pabitra Mitra,Indian Institute of Technology Kanpur,Pabitra Mitra
Pankaj Jalote,Indian Institute of Technology Kanpur,Pankaj Jalote
Phalguni Gupta,Indian Institute of Technology Kanpur,Error
Philippe Dugerdil,Indian Institute of Technology Kanpur,Error
Piyush P Kurur,Indian Institute of Technology Kanpur,Error
Pramod Subramanyan,Indian Institute of Technology Kanpur,Pramod Subramanyan
Prateek Jain,Indian Institute of Technology Kanpur,Prateek Jain
R. M. K. Sinha,Indian Institute of Technology Kanpur,R Mahesh K Sinha
R. Shankar,Indian Institute of Technology Kanpur,Ravi Shankar Tiwari
Rajiv Sangal,Indian Institute of Technology Kanpur,Rajeev Sangal
Ratan K Ghosh,Indian Institute of Technology Kanpur,Error
Sanjay G Dhande,Indian Institute of Technology Kanpur,Sanjay G. Dhande
Sanjeev K Aggarwal,Indian Institute of Technology Kanpur,Sanjeev Kumar Gupta
Shashank K. Mehta,Indian Institute of Technology Kanpur,Shashank K Mehta
Somenath Biswas,Indian Institute of Technology Kanpur,Somnath Biswas
Sumit Gulwani,Indian Institute of Technology Kanpur,Sumit Gulwani
Sunil Gupta,Indian Institute of Technology Kanpur,Sunil Kumar Gupta
Swaprava Nath,Indian Institute of Technology Kanpur,Swaprava Nath
T. V. Prabhakar,Indian Institute of Technology Kanpur,Prabhakar TV
Tapas Nayak,Indian Institute of Technology Kanpur,Tapas Ranjan Nayak
V. M. Malhotra,Indian Institute of Technology Kanpur,Varun Malhotra
V. Rajaraman,Indian Institute of Technology Kanpur,Dr.Vaishnavi Rajaraman
Vinay P. Namboodiri,Indian Institute of Technology Kanpur,Vinay P. Namboodiri
Shashank Singh,Indian Institute of Technology Kanpur,Shashank Singh
Abhijit Das,Indian Institute of Technology Kharagpur,Professor Abhijit Kumar Das
Abir Das,Indian Institute of Technology Kharagpur,Abir Das
Animesh Mukherjee,Indian Institute of Technology Kharagpur,Animesh Mukherjee
Aritra Hazra,Indian Institute of Technology Kharagpur,Aritra Hazra
Arobinda Gupta,Indian Institute of Technology Kharagpur,Arobinda Gupta
Ayan Chaudhury,Indian Institute of Technology Kharagpur,Ayan Roy Chaudhuri
Bivas Mitra,Indian Institute of Technology Kharagpur,Bivas Mitra
Chittaranjan Mandal,Indian Institute of Technology Kharagpur,Chittaranjan Mandal
Debasis Samanta,Indian Institute of Technology Kharagpur,Debasis Samanta
Debdeep Mukhopadhyay,Indian Institute of Technology Kharagpur,Debdeep Mukhopadhyay
Dipanwita Roychaudhury,Indian Institute of Technology Kharagpur,DIPANWITA ROYCHOWDHURY
Indranil Sengupta,Indian Institute of Technology Kharagpur,Indranil Sengupta
Jayanta Mukhopadhyay,Indian Institute of Technology Kharagpur,Jayanta Mukherjee
K Sreenivas Rao,Indian Institute of Technology Kharagpur,NK SRINIVASA RAO
Mainack Mondal,Indian Institute of Technology Kharagpur,Mainack Mondal
Monosij Maitra,Indian Institute of Technology Kharagpur,Monosij Maitra
Niloy Ganguly,Indian Institute of Technology Kharagpur,Niloy Ganguly
Pabitra Mitra,Indian Institute of Technology Kharagpur,Pabitra Mitra
Palash Dey,Indian Institute of Technology Kharagpur,palash dey
Pallab Dasgupta,Indian Institute of Technology Kharagpur,Pallab Dasgupta
Partha Bhowmick,Indian Institute of Technology Kharagpur,Partha Bhowmick
Partha Pratim Chakrabarti,Indian Institute of Technology Kharagpur,Partha Chakraborty
Partha Pratim Das,Indian Institute of Technology Kharagpur,Partha Pratim Das
Pawan Goyal,Indian Institute of Technology Kharagpur,Pawan Goyal
Pralay Mitra,Indian Institute of Technology Kharagpur,Pralay Mitra
Rajat Subhra Chakraborty,Indian Institute of Technology Kharagpur,Rajat Subhra Chakraborty
Rajib Mall,Indian Institute of Technology Kharagpur,RAJIB MALL
Sandip Chakraborty,Indian Institute of Technology Kharagpur,Sandip Kumar Chakrabarti
Saptarshi Ghosh,Indian Institute of Technology Kharagpur,Saptarshi Ghosh
Sarani Bhattacharya,Indian Institute of Technology Kharagpur,Sarani Bhattacharya
Satrajit Ghosh,Indian Institute of Technology Kharagpur,Satrajit Ghosh
Shamik Sural,Indian Institute of Technology Kharagpur,Shamik Sural
Somak Aditya,Indian Institute of Technology Kharagpur,Somak Aditya
Somindu Chaya Ramanna,Indian Institute of Technology Kharagpur,Error
Soumya K Ghosh,Indian Institute of Technology Kharagpur,Soumya K. Ghosh
Soumyajit Dey,Indian Institute of Technology Kharagpur,soumyajit dey
Sourangshu Bhattacharya,Indian Institute of Technology Kharagpur,Sourangshu Bhattacharya
Sudebkumar Prasant Pal,Indian Institute of Technology Kharagpur,Sudebkumar Prasant Pal
Sudeshna Sarkar,Indian Institute of Technology Kharagpur,Sudeshna Sarkar
Sudeshna Kolay,Indian Institute of Technology Kharagpur,Sudeshna Kolay
Sudip Misra,Indian Institute of Technology Kharagpur,Sudip Misra
Swagato Sanyal,Indian Institute of Technology Kharagpur,swagato sanyal
Antony Franklin,IIT HYDERABAD,Antony Franklin
Ashish Mishra,IIT HYDERABAD,Ashish Mishra
Bheemarjuna Reddy Tamma,IIT HYDERABAD,Bheemarjuna Reddy Tamma
C. Krishna Mohan,IIT HYDERABAD,C Krishna Mohan
J. Saketha Nath,IIT HYDERABAD,J. Saketha Nath
Jyothi Vedurada,IIT HYDERABAD,Jyothi Vedurada
Karteek Sreenivasaiah,IIT HYDERABAD,Karteek Sreenivasaiah
Kotaro Kataoka,IIT HYDERABAD,Kotaro Kataoka
M.V. Panduranga Rao,IIT HYDERABAD,Dr. Panduranga Rao MV
Manish Singh,IIT HYDERABAD,Manish Kumar Singh
Maria Francis,IIT HYDERABAD,M Maria Glymour
Maunendra Sankar Desarkar,IIT HYDERABAD,Maunendra Sankar Desarkar
N.R. Aravind,IIT HYDERABAD,NR Aravind
Nitin Saurabh,IIT HYDERABAD,Nitin Saurabh
Praveen Tammana,IIT HYDERABAD,Praveen Tammana
Rajesh Kedia,IIT HYDERABAD,Rajesh Kedia
Rakesh Venkat,IIT HYDERABAD,Venkat Ram Rakesh Mundra
Ramakrishna Upadrasta,IIT HYDERABAD,Ramakrishna Upadrasta
Rameshwar Pratap,IIT HYDERABAD,Rameshwar Pratap
Rogers Mathew,IIT HYDERABAD,Matthew B. Rogers
Sathya Peri,IIT HYDERABAD,Sathya Peri
Shirshendu Das,IIT HYDERABAD,Shirshendu Das
Sobhan Babu,IIT HYDERABAD,Dr Shoban Babu Varthya
Srijith P.K,IIT HYDERABAD,Srijith PK
Subrahmanyam Kalyanasundaram,IIT HYDERABAD,Subrahmanyam Kalyanasundaram
Vineeth N. Balasubramanian,IIT HYDERABAD,Vineeth N Balasubramanian
C. Siva Ram Murthy,IIT HYDERABAD,C. Siva Ram Murthy
Adjunct Faculty,IIT HYDERABAD,Christopher Thomas Walsh
Aditya Nori,IIT HYDERABAD,Aditya Nori
Kenzo Fujisue,IIT HYDERABAD,Error
Naveen Sivadasan,IIT HYDERABAD,Naveen Sivadasan
Abhishek Bichhawat,IIT GANDHINAGAR,Abhishek Bichhawat
Anirban Dasgupta,IIT GANDHINAGAR,Anirban Dasgupta
Balagopal Komarath,IIT GANDHINAGAR,Balagopal Komarath
Bireswar Das,IIT GANDHINAGAR,Bireswar Das
Krishna Prasad Miyapuram,IIT GANDHINAGAR,Krishna Prasad Miyapuram
Manisha Padala,IIT GANDHINAGAR,Manisha Padala
Manoj Gupta,IIT GANDHINAGAR,Manoj Gupta
Mayank Singh,IIT GANDHINAGAR,dr mayank singh
Neeldhara Misra,IIT GANDHINAGAR,Neeldhara Misra
Nipun Batra,IIT GANDHINAGAR,Nipun Batra
Rajat Moona,IIT GANDHINAGAR,Error
Sameer Gundurao Kulkarni,IIT GANDHINAGAR,Error
Shanmuganathan Raman,IIT GANDHINAGAR,Shanmuganathan Raman
Shouvick Mondal,IIT GANDHINAGAR,Shouvick Mondal
Yogesh Kumar Meena,IIT GANDHINAGAR,Yogesh Kumar Meena
Dr. S. Mary Saira Bhanu,NIT Tiruchirapalli,S Mary Saira Bhanu
Dr. S. Selvakumar,NIT Tiruchirapalli,Selvakumar Subbian
Dr. N. Ramasubramanian,NIT Tiruchirapalli,Error
Dr. C. Mala,NIT Tiruchirapalli,Caroline Mala Corbin
Dr. S. Mary Saira Bhanu,NIT Tiruchirapalli,S Mary Saira Bhanu
Dr.(Mrs.) R. Leela Velusamy,NIT Tiruchirapalli,Error
Dr.(Ms.) Rajeswari Sridhar,NIT Tiruchirapalli,Error
Dr. Kunwar Singh,NIT Tiruchirapalli,"Kunwar P. Singh, Ph.D., FAEB, FIC"
Dr. E. Sivasankar,NIT Tiruchirapalli,Error
Dr. M. Sridevi,NIT Tiruchirapalli,Dr. Sridevi M
Dr. M. Brindha,NIT Tiruchirapalli,M.Brindha
Dr. B. Nithya,NIT Tiruchirapalli,B Nithya
Dr.. S. Jaya Nirmala,NIT Tiruchirapalli,S. Jaya Nirmala
Dr. R. Mohan,NIT Tiruchirapalli,Radhe Mohan
Dr. B. Shameedha Begum,NIT Tiruchirapalli,Error
Dr. A. Santhana Vijayan,NIT Tiruchirapalli,Error
Dr. R. Bala Krishnan,NIT Tiruchirapalli,Ravin Balakrishnan
Dr. Sai Krishna Mothku,NIT Tiruchirapalli,Sai Krishna Mothku
Dr. Sitara K,NIT Tiruchirapalli,Sitara K
Dr. Kamalika Bhattacharjee,NIT Tiruchirapalli,Kamalika Bhattacharjee
Dr.Jakkepalli Pavan Kumar,NIT Tiruchirapalli,Error
Dr.Oswald C,NIT Tiruchirapalli,Error
Dr. Madhukrishna Priyadarsini,NIT Tiruchirapalli,Madhukrishna Priyadarsini
Dr. Usha Kiruthika S,NIT Tiruchirapalli,S Usha Kiruthika
Alwyn Roshan Pais,NIT Surathkal,Alwyn Roshan Pais
Annappa,NIT Surathkal,Annappa B
Chandrasekaran K,NIT Surathkal,Dr Kuppam Chandrasekhar
P. Santhi Thilagam,NIT Surathkal,Error
Shashidhar G Koolagudi,NIT Surathkal,Error
Manu Basavaraju,NIT Surathkal,Error
B. R. Chandavarkar,NIT Surathkal,Error
Basavaraj Talawar,NIT Surathkal,Basavaraj Talawar
Jeny Rajan,NIT Surathkal,Jeny Rajan
Mohit P. Tahiliani,NIT Surathkal,Mohit P. Tahiliani
Vani M,NIT Surathkal,Mrutyunjaya Panda
Biswajit R Bhowmik,NIT Surathkal,Biswajit R Bhowmik
Mahendra Pratap Singh,NIT Surathkal,mahendra pratap singh
Manjanna B,NIT Surathkal,Manjanna B
Radhika B S,NIT Surathkal,Radhika BS
Saumya Hegde,NIT Surathkal,Error
Shridhar Sanshi,NIT Surathkal,Shridhar Sanshi
Sourav Kanti Addya,NIT Surathkal,Sourav Kanti Addya
Anup Nandy,NIT Rourkela,"Anup Nandy, JSPS Fellow"
Arun Kumar,NIT Rourkela,Arun Kumar
Ashok Kumar Turuk,NIT Rourkela,Dr. Ashok Kumar Turuk
Banshidhar Majhi,NIT Rourkela,Prof. Banshidhar Majhi
Bibhudatta Sahoo,NIT Rourkela,Dr. Bibhudatta Sahoo
Durga Prasad Mohapatra,NIT Rourkela,Durga Prasad Mohapatra
A. Baskar,KK Birla Goa Campus,Aravindhan Baskar
Aditya Challa,KK Birla Goa Campus,CHALLA KRISHNA RAO
Arnab Kumar Paul,KK Birla Goa Campus,Arnab K. Paul
Ashwin Srinivasan,KK Birla Goa Campus,Ashwin Srinivasan
Basabdatta Bhattacharya,KK Birla Goa Campus,Basabdatta Sen Bhattacharya
Bharat Madhusudan Deshpande,KK Birla Goa Campus,Error
Biju K. Raveendran Nair,KK Birla Goa Campus,Error
Devashish Gosain,KK Birla Goa Campus,Devashish Gosain
Diptendu Chatterjee,KK Birla Goa Campus,Diptendu Chatterjee
Gargi Sanket Prabhu,KK Birla Goa Campus,Error
Harikrishnan N. B.,KK Birla Goa Campus,Harikrishnan NB
Hemant Rathore,KK Birla Goa Campus,Hemant Rathore
Kanchan Manna,KK Birla Goa Campus,Kanchan Manna
Kunal Kishore Korgaonkar,KK Birla Goa Campus,Error
Neena Goveas,KK Birla Goa Campus,Neena Goveas
Rajesh Kumar,KK Birla Goa Campus,Rajesh Kumar
Ramprasad S. Joshi,KK Birla Goa Campus,Error
Sanjay K. Sahay,KK Birla Goa Campus,Sanjay K. Sahay
Santonu Sarkar,KK Birla Goa Campus,Santanu Sarkar
Shubhangi Krushnachandra Gawali,KK Birla Goa Campus,Error
Siddharth Gupta,KK Birla Goa Campus,Siddharth Gupta
Snehanshu Saha,KK Birla Goa Campus,Snehanshu Saha
Sougata Sen,KK Birla Goa Campus,Sougata Sen
Sravan Danda,KK Birla Goa Campus,Sravan Danda
Sujith Thomas,KK Birla Goa Campus,Dr. Sujith PP
Surjya Ghosh,KK Birla Goa Campus,Surya K. Ghosh
Swaroop Joshi,KK Birla Goa Campus,Swaroop Joshi
Tanmay Tulsidas Verlekart,KK Birla Goa Campus,Error
Vinayak Naik,KK Birla Goa Campus,Vinayak Naik
Abhishek Mishra,BITS Pilani,ABHISHEK KUMAR MISHRA
Akanksha Bharadwaj,BITS Pilani,Akanksha Bhardwaj
Akshaya Ganesan,BITS Pilani,Error
Amit Dua,BITS Pilani,Amit Dua
Amitesh Singh Rajput,BITS Pilani,Amitesh Singh Rajput
Anindya Neogi,BITS Pilani,Anindya Neogi
Anita Ramachandran,BITS Pilani,Anitha Govind (Anitha Ramachandran)
Ankur Pachauri,BITS Pilani,Ankur Pachauri
Ashish Narang,BITS Pilani,Ashish Narang
Ashutosh Bhatia,BITS Pilani,Ashutosh Bhatia
Asish Bera,BITS Pilani,Asish Bera
Avinash Gautam,BITS Pilani,Avinash Gautam
Chandra Shekar R K,BITS Pilani,Dr. Bandi Chandra Sekhar
Chennupati Rakesh Prasanna,BITS Pilani,Error
Dr. Bharat Richhariya,BITS Pilani,Dr. Bharat Richhariya
Dr. Chetana Gavankar,BITS Pilani,Chetana Anoop Gavankar
Dr. Navneet Goyal,BITS Pilani,Jayant  K. Singh
Dr. Ritu Arora,BITS Pilani,Ritu Arora
Dr. Shreyas Suresh Rao,BITS Pilani,Dr. Shreyas Suresh Rao
Dr.Vijayalakshmi Anand,BITS Pilani,Error
Febin A Vahab,BITS Pilani,Error
G Venkiteswaran,BITS Pilani,G.Venkateswaran
Hari Babu K,BITS Pilani,Hari Babu Kothapalli
Jagat Sesh Challa,BITS Pilani,Jagat Sesh Challa
Jyotsana Grover,BITS Pilani,jyotsana grover
Kamlesh Tiwari,BITS Pilani,Kamlesh Tiwari
K Venkatasubramanian,BITS Pilani,Krishna Venkatasubramanian
L. Rajya Lakshmi,BITS Pilani,Rajya Lakshmi Davuluri
Lucy J. Gudino,BITS Pilani,Lucy J. Gudino
Mohammad Saleem J Bagewadi,BITS Pilani,Error
Monali Tushar Mavani,BITS Pilani,Error
Nishit Narang,BITS Pilani,Nishit Narang
Pawan Kumar Mishra,BITS Pilani,Pawan kumar Mishra
Pradheep Kumar K,BITS Pilani,Pradeep Kumar Singh Pradeep Kumar singh
Pratik Narang,BITS Pilani,"Pratik Narang, Senior Member, IEEE"
Pravin Yashwant Pawar,BITS Pilani,Error
Preethi N. G,BITS Pilani,Error
Prof. J. P. Misra,BITS Pilani,"Mishra, JP"
Prof. Mukesh Kumar Rohil,BITS Pilani,Mukesh Kumar Rohil
Prof. Poonam Goyal,BITS Pilani,Jayant  K. Singh
Prof. Sudeept Mohan,BITS Pilani,Dr S Venkata Mohan
Raja Vadhana P,BITS Pilani,Error
Rajesh Kumar,BITS Pilani,Rajesh Kumar
Ramakrishna Dantu,BITS Pilani,Ramakrishna Dantu
Saikishor Jangiti,BITS Pilani,Dr. Saikishor Jangiti
Sangeetha Viswanathan,BITS Pilani,Dr. Sangeetha Viswanathan
Seetha Parameswaran,BITS Pilani,Error
Shashank Gupta,BITS Pilani,shashank gupta
Sonika Chandrakant Rathi,BITS Pilani,Sonika Chandrakant Rathi
Sugata Ghosal,BITS Pilani,sugata ghosal
Srinath Naidu,BITS Pilani,Srinath R Naidu
Sundaresan Raman,BITS Pilani,Sundaresan Raman
Swarna Chaudhary,BITS Pilani,Error
T Venkateswara Rao,BITS Pilani,Tammineedi Chandrasekhara Rao
Tanmaya Mahapatra,BITS Pilani,Tanmay Mahapatra
Tejasvi Alladi,BITS Pilani,Tejasvi Alladi
Vandana Agarwal,BITS Pilani,Vandana Agarwal
Venkata Krishna Sashank Dara,BITS Pilani,Error
Vimal S P,BITS Pilani,Dr.SPVimal
Vineet Kumar Garg,BITS Pilani,Error
Vinti Agarwal,BITS Pilani,Vinti Agarwal
Virendra S Shekhawat,BITS Pilani,Virendra Singh SHEKHAWAT
Vishal Gupta,BITS Pilani,Vishal Gupta
Y V K Ravi Kumar,BITS Pilani,Dr.YVK Ravi Kumar
Yashvardhan Sharma,BITS Pilani,Yashvardhan Sharma
Dr. Abhijit Das,BITS Hyderabad,Professor Abhijit Kumar Das
Dr. Akanksha Rathore,BITS Hyderabad,Akanksha Rathore
Dr. Aneesh Sreevallabh Chivukula,BITS Hyderabad,Error
Dr. Apurba Das,BITS Hyderabad,Apurba Das
Dr. Aritra Mukherjee,BITS Hyderabad,Aritra Mukherjee
Dr. Dipanjan Chakraborty,BITS Hyderabad,Dipanjan Chakraborty
Dr. Jabez Christopher,BITS Hyderabad,JABEZ Christopher
Dr. Jay Kamlesh Dave,BITS Hyderabad,Error
Dr. Nikumani Choudhury,BITS Hyderabad,Nikumani Choudhury
Dr. Paresh Saxena,BITS Hyderabad,Paresh Saxena
Dr. Pragati Shrivastava,BITS Hyderabad,Pragati Shrivastava
Dr. Prajna Devi Upadhyay,BITS Hyderabad,Error
Dr. Raghunath Reddy Madireddy,BITS Hyderabad,Raghunath Reddy Madireddy
Dr. Rajib Ranjan Maiti,BITS Hyderabad,Error
Dr. Sameera Muhamed Salam,BITS Hyderabad,Sameera Muhamed Salam
Dr. Venkatakrishnan Ramaswamy,BITS Hyderabad,Venkata Krishnan Ramaswamy
Prof. Aruna Malapati,BITS Hyderabad,Aruna Malapati
Prof. Barsha Mitra,BITS Hyderabad,Barsha Mitra
Prof. Chittaranjan Hota,BITS Hyderabad,Chittaranjan Hota
Prof. G Geethakumari,BITS Hyderabad,Prof. G. Geethakumari
Prof. Manik Gupta,BITS Hyderabad,Manik Gupta
Prof. N L Bhanu Murthy,BITS Hyderabad,Error
Prof. Narasimha Bolloju,BITS Hyderabad,Narasimha Bolloju
Prof. R Gururaj,BITS Hyderabad,Dr.Gururaj Rao Deshpande
Prof. Subhrakanta Panda,BITS Hyderabad,Dr. Subhrakanta Panda
Prof. Sumanta N Pattanaik,BITS Hyderabad,Error
Prof. Tathagata Ray,BITS Hyderabad,Tathagata Ray
,,
,,
,,
,,
,,
,,
,,
,,
,,
,,
,,
,,
,,
,,
,,
,,
,,
,,
,,
,,
,,
,,
,,
,,
,,
,,
,,
,,
,,
,,
,,
,,
,,
,,
,,
,,
,,
,,
,,
,,
,,
,,
,,
,,
,,
,,
,,
,,
,,
,,
,,
,,
,,
,,
,,
,,
,,
,,
,,
,,
,,
,,
,,
,,
,,
,,
,,
,,
,,
,,
,,
,,
,,
,,
,,
,,
,,
,,
,,
,,
,,
,,
,,
,,
,,
,,
,,
,,
,,
,,
,,
,,
,,
,,
,,
,,
,,
,,
,,
,,
,,
,,
,,
,,
,,
,,
,,
,,
,,
,,
,,
,,
,,
,,
,,
,,
,,
,,
,,
,,
,,
,,
,,
,,
,,
,,
,,
,,
,,
,,
,,
,,
,,
,,
,,
,,
,,
,,
,,
,,
,,
,,
,,
,,
,,
,,
,,
,,
,,
,,
,,
,,
,,
,,
,,
,,
,,
,,
,,
,,
,,
,,
,,
,,
,,
,,
,,
,,
,,
,,
,,
,,
,,
,,
,,
,,
,,
,,
,,
,,
,,
,,
,,
,,
,,
,,
,,
,,
,,
,,
,,
,,
,,
,,
,,
,,
,,
,,
,,
,,
,,
,,
,,
,,
,,
,,
,,
,,
,,
,,
,,
,,
,,
,,
,,
,,
,,
,,
,,
,,
,,
,,
,,
,,
,,
,,
,,
,,
,,
,,
,,
,,
,,
,,
,,
,,
,,
,,
,,
,,
,,
,,
,,
,,
,,
,,
,,
,,
,,
,,
,,
,,
,,
,,
,,
,,
,,
,,
,,
,,
,,
,,
,,
,,
,,
,,
,,
,,
,,
,,
,,
,,
,,
,,
,,
,,
,,
,,
,,
,,
,,
,,
,,
,,
,,
,,
,,
,,
,,
,,
,,
,,
,,
,,
,,
,,
,,
,,
,,
,,
,,
,,
,,
,,
,,
,,
,,
,,
,,
,,
,,
,,
,,
,,
,,
,,
,,
,,
,,
,,
,,
,,
,,
,,
,,
,,
,,
,,
,,
,,
,,
,,
,,
,,
,,
,,
,,
,,
,,
,,
,,
,,
,,
,,
,,
,,
,,
,,
,,
,,
,,
,,
,,
,,
,,
,,
,,
,,
,,
,,
,,
,,
,,
,,
,,
,,
,,
,,
,,
,,
,,
,,
,,
,,
,,
,,
,,
,,
,,
,,
,,
,,
,,
,,
,,
,,
,,
,,
,,
,,
,,
,,
,,
,,
,,
,,
,,
,,
,,
,,
,,
,,
,,
,,
,,
,,
,,
,,
,,
,,
,,
,,
,,
,,
,,
,,
,,
,,
,,
,,
,,
,,
,,
,,
,,
,,
,,
,,
,,
,,
,,
,,
,,
,,
,,
,,
,,
,,
,,
,,
,,
,,
,,
,,
,,
,,
,,
,,
,,
,,
,,
,,
,,
,,
,,
,,
,,
,,
,,
,,
,,
,,
,,
,,
,,
,,
,,
,,
,,
,,
,,
,,
,,
,,
,,
,,
,,
,,
,,
,,
,,
,,
,,
,,
,,
,,
,,
,,
,,
,,
,,
,,
,,
,,
,,
,,
,,
,,
,,
,,
,,
,,
,,
,,
,,
,,
,,
,,
,,
,,
,,
,,
,,
,,
,,
,,
,,
,,
,,
,,
,,
,,
,,
,,
,,
,,
,,
,,
,,
,,
,,
,,
,,
,,
,,
,,
,,
,,
,,
,,
,,
,,
,,
,,
,,
,,
,,
,,
,,
,,
,,
,,
,,
,,
,,
,,
,,
,,
,,
,,
,,
,,
,,
,,
,,
,,
,,
,,
,,
,,
,,
,,
,,
,,
,,
,,
,,
,,
,,
,,
,,
,,
,,
,,
,,
,,
,,
,,
,,
,,
,,
,,
,,
,,
,,
,,
,,
,,
,,
,,
,,
,,
,,
,,
,,
,,
,,
,,
,,
,,
,,
,,
,,
,,
,,
,,
,,
,,
,,
,,
,,
,,
,,
,,
,,
,,
,,
,,
,,
,,
,,
,,
,,
,,
,,
,,
,,
,,
,,
,,
,,
,,
,,
,,
,,
,,
,,
,,
,,
,,
,,
,,
,,
,,
,,
,,
,,
,,
,,
,,
,,
,,
,,
,,
,,
,,
,,
,,
,,
,,
,,
,,
,,
,,
,,
,,
,,
,,
,,
,,
,,
,,
,,
,,
,,
,,
,,
,,
,,
,,
,,
,,
,,
,,
,,
,,
,,
,,
,,
,,
,,
,,
,,
,,
,,
,,
,,
,,
,,
,,
,,
,,
,,
,,
,,
,,
,,
,,
,,
,,
,,
,,
,,
,,
,,
,,
,,
,,
,,
,,
,,
,,
,,
,,
,,
,,
,,
,,
,,
,,
,,
,,
,,
,,
,,
,,
,,
,,
,,
,,
,,
,,
,,
,,
,,
,,
,,
,,
,,
,,
,,
,,
,,
,,
,,
,,
,,
,,
,,
,,
,,
,,
,,
,,
,,
,,
,,
,,
,,
,,
,,
,,
,,
,,
,,
,,
,,
,,
,,
,,
,,
,,
,,
,,
,,
,,
,,
,,
,,
,,
,,
,,
,,
,,
,,
,,
,,
,,
,,
,,
,,
,,
,,
,,
,,
,,
,,
,,
,,
,,
,,
,,
,,
,,
,,
,,
,,
,,
,,
,,
,,
,,
,,
,,
,,
,,
,,
,,
,,
,,
,,
,,
,,
,,
,,
,,
,,
,,
,,
,,
,,
,,
,,
,,
,,
,,
,,
,,
,,
,,
,,
,,
,,
,,
,,
,,
,,
,,
,,
,,
,,
,,
,,
,,
,,
,,
,,
,,
,,
,,
,,
,,
,,
,,
,,
,,
,,
,,
,,
,,
,,
,,
,,
,,
,,
,,
,,
,,
,,
,,
,,
,,
,,
,,
,,
,,
,,
,,
,,
,,
,,
,,
,,
,,
,,
,,
,,
,,
,,
,,
,,
,,
,,
,,
,,
,,
,,
,,
,,
,,
,,
,,
,,
,,
,,
,,
,,
,,
,,
,,
,,
,,
,,
,,
,,
,,
,,
,,
,,
,,
,,
,,
,,
,,
,,
,,
,,
,,
,,
,,
,,
,,
,,
,,
,,
,,
,,
,,
,,
,,
,,
,,
,,
